Name,Type,HBCU,HSI,Average_Total_Cost,Instructional_Expenditure,Faculty_Salary,Pell_Grant,Federal_Loan,logEndowment
University of Alabama at Birmingham,Public,No,No,25542,14691,11380,0.3563,0.5026,8.73
University of Alabama in Huntsville,Public,No,No,24861,8320,9697,0.2304,0.4083,7.888
Alabama State University,Public,Yes,No,21892,9579,7194,0.759,0.684,7.976
The University of Alabama,Public,No,No,30016,9650,10349,0.172,0.3898,8.976
Auburn University at Montgomery,Public,No,No,20225,6289,7729,0.5581,0.5781,7.709
Auburn University,Public,No,No,32196,8361,10722,0.0996,0.2823,8.889
Birmingham-Southern College,Private,No,No,32514,11481,6961,0.238,0.4548,7.725
Faulkner University,Private,No,No,34835,5917,5926,0.4961,0.7519,7.267
Huntingdon College,Private,No,No,37483,6497,6886,0.3594,0.7422,7.706
Jacksonville State University,Public,No,No,21560,7183,7326,0.5412,0.6201,7.135
Judson College,Private,No,No,32380,14892,5432,0.6304,0.8913,7.19
University of Montevallo,Public,No,No,26018,13809,7623,0.3838,0.5788,7.351
Samford University,Private,No,No,49634,15372,9007,0.1133,0.3411,8.541
University of South Alabama,Public,No,No,21694,9509,7507,0.3775,0.5294,8.637
Spring Hill College,Private,No,No,55844,7979,6040,0.3562,0.9007,7.259
Troy University,Public,No,No,21251,6886,6785,0.4695,0.8437,8.111
Tuskegee University,Private,Yes,No,40750,12714,7224,0.8791,0.1813,8.111
University of Alaska Fairbanks,Public,No,No,19135,18087,9658,0.3302,0.2783,8.059
Arizona State University Campus Immersion,Public,No,No,27056,12931,11250,0.3408,0.3378,8.908
University of Arizona,Public,No,Yes,27461,13699,10305,0.2379,0.2858,9.013
Embry-Riddle Aeronautical University-Prescott,Private,No,No,54536,13598,9256,0.1742,0.4402,7.688
Prescott College,Private,No,No,43649,6721,5423,0.4182,0.6727,6.342
Arizona Christian University,Private,No,Yes,44585,4685,5102,0.4375,0.8269,6
University of Arkansas at Little Rock,Public,No,No,20416,8062,9822,0.5826,0.5062,8.046
Lyon College,Private,No,No,41396,12587,6548,0.4335,0.7283,7.785
University of Arkansas,Public,No,No,23997,11441,9951,0.1819,0.4078,9.087
University of Arkansas at Pine Bluff,Public,Yes,No,19541,8129,5885,0.7609,0.736,6.581
Arkansas State University,Public,No,No,23009,5604,7240,0.4327,0.5673,7.907
University of Central Arkansas,Public,No,No,23185,7957,7166,0.4184,0.5316,7.574
Central Baptist College,Private,No,No,26390,3543,5510,0.5714,0.6571,6.529
Harding University,Private,No,No,31647,10120,7492,0.2239,0.5187,8.184
Henderson State University,Public,No,No,23005,5843,6704,0.5223,0.535,7.323
John Brown University,Private,No,No,40774,8435,6937,0.3302,0.522,8.099
Ouachita Baptist University,Private,No,No,40200,9047,6510,0.2698,0.7415,8.082
University of the Ozarks,Private,No,No,34832,8151,6680,0.4258,0.5263,8.061
Williams Baptist University,Private,No,No,30063,4685,5427,0.5808,0.7121,7.193
Biola University,Private,No,No,58012,11466,7394,0.2225,0.538,8.209
California Baptist University,Private,No,Yes,48731,9202,10122,0.4163,0.6579,7.817
California Institute of Technology,Private,No,No,74763,105239,20228,0.1149,0.0426,9.475
California Lutheran University,Private,No,Yes,60668,9606,10381,0.3663,0.5889,8.03
California Polytechnic State University-San Luis Obispo,Public,No,No,28927,10510,10647,0.1452,0.2681,8.357
California State University-San Bernardino,Public,No,Yes,19114,7112,9943,0.6613,0.2048,7.62
California State Polytechnic University-Pomona,Public,No,Yes,22365,7494,10677,0.4686,0.3107,8.007
California State University-Chico,Public,No,Yes,25073,7217,9682,0.4163,0.4238,7.815
California State University-Fresno,Public,No,Yes,17683,7490,9545,0.6194,0.1857,8.204
California State University-Fullerton,Public,No,Yes,17791,7468,10331,0.5038,0.2553,7.848
California State University-Long Beach,Public,No,Yes,19846,7961,10271,0.5002,0.2748,7.9
California State University-Los Angeles,Public,No,Yes,15307,7158,10198,0.7786,0.136,7.658
California State University-Northridge,Public,No,Yes,19794,6819,10318,0.6494,0.2617,8.135
California State University-Sacramento,Public,No,Yes,21576,7837,9824,0.5761,0.2993,7.709
University of California-Berkeley,Public,No,No,39016,21700,18027,0.2077,0.2026,9.331
University of California-Davis,Public,No,No,35532,24939,15450,0.3255,0.3199,8.679
University of California-Irvine,Public,No,Yes,34355,21724,16461,0.3811,0.2592,8.684
University of California-Riverside,Public,No,Yes,30561,15212,14331,0.4702,0.4162,8.247
University of California-San Diego,Public,No,No,33240,22312,16513,0.3158,0.3186,8.903
University of California-Santa Barbara,Public,No,Yes,36492,14927,16895,0.2886,0.2855,8.401
University of California-Santa Cruz,Public,No,Yes,35925,11173,15214,0.2692,0.3408,8.043
Chapman University,Private,No,No,74336,17651,12108,0.1761,0.5727,8.609
Concordia University-Irvine,Private,No,Yes,53235,8598,7218,0.3684,0.6023,7.488
San Diego Christian College,Private,No,Yes,47755,5604,6436,0.3443,0.5902,5.833
Claremont McKenna College,Private,No,No,76475,32345,14819,0.1982,0.1982,8.937
Dominican University of California,Private,No,Yes,67366,13731,9100,0.2277,0.4831,7.54
Fresno Pacific University,Private,No,Yes,43317,5443,7538,0.52,0.5429,7.229
Harvey Mudd College,Private,No,No,79539,30740,14391,0.1384,0.3348,8.517
California State Polytechnic University-Humboldt,Public,No,Yes,24991,9895,9822,0.4945,0.5141,7.495
Life Pacific University,Private,No,Yes,29158,4735,6678,0.48,0.6667,6.554
University of La Verne,Private,No,Yes,60759,10571,9463,0.5449,0.6653,8.039
La Sierra University,Private,No,Yes,45629,9371,8227,0.5238,0.7016,7.304
Loyola Marymount University,Private,No,No,70235,18413,11796,0.1091,0.3261,8.678
Mills College,Private,No,No,48360,16733,10110,0.4328,0.5,8.293
Mount Saint Mary's University,Private,No,Yes,57689,11885,8899,0.7057,0.8454,8.152
Occidental College,Private,No,No,76600,21037,11229,0.169,0.411,8.651
Hope International University,Private,No,Yes,46231,4618,5335,0.4771,0.9083,6.868
Pacific Union College,Private,No,Yes,44714,17835,6355,0.4556,0.6331,7.466
University of the Pacific,Private,No,No,64784,20425,10872,0.3762,0.495,8.666
Pepperdine University,Private,No,No,75312,11853,12824,0.1657,0.4365,8.963
Point Loma Nazarene University,Private,No,No,53045,9092,10357,0.1637,0.5565,7.786
University of Redlands,Private,No,Yes,68156,12012,10240,0.3527,0.5864,8.261
San Diego State University,Public,No,Yes,23367,7661,11169,0.2569,0.2744,8.497
San Francisco State University,Public,No,Yes,24513,8297,11037,0.4873,0.3403,8.135
University of San Francisco,Private,No,No,69987,17505,11979,0.2572,0.5035,8.591
San Jose State University,Public,No,Yes,25747,8057,10645,0.3876,0.3209,8.185
Santa Clara University,Private,No,No,74297,20250,12825,0.098,0.2752,9.008
Scripps College,Private,No,No,77588,27083,11938,0.0919,0.212,8.575
Simpson University,Private,No,Yes,46394,9179,6442,0.3486,0.5963,6.876
Saint Mary's College of California,Private,No,Yes,69071,14601,10869,0.1939,0.5082,8.258
Sonoma State University,Public,No,Yes,26537,8181,10468,0.371,0.3651,7.603
Vanguard University of Southern California,Private,No,Yes,48086,7409,8073,0.4606,0.9398,6.853
Southern California Institute of Architecture,Private,No,No,70734,13508,11371,0.2,0.2,6.584
University of Southern California,Private,No,No,77362,56494,15301,0.1705,0.2769,9.759
Thomas Aquinas College,Private,No,No,38164,14945,9216,0.2393,0.7265,7.403
Westmont College,Private,No,No,64240,19093,9639,0.237,0.8741,7.901
Adams State University,Public,No,Yes,22317,8574,6348,0.5838,0.7459,4.778
Colorado School of Mines,Public,No,No,36107,16922,12364,0.1282,0.4105,8.413
Colorado State University-Fort Collins,Public,No,No,27513,13703,10425,0.2075,0.3884,8.593
University of Denver,Private,No,No,69469,17516,11222,0.1638,0.4039,8.896
Fort Lewis College,Public,No,No,23881,8848,7287,0.4048,0.4236,7.012
Metropolitan State University of Denver,Public,No,Yes,19975,6444,7089,0.4094,0.3001,7.228
University of Northern Colorado,Public,No,No,23864,9142,7742,0.343,0.5297,7.956
Regis University,Private,No,No,51593,8381,7340,0.3306,0.499,7.844
Colorado State University Pueblo,Public,No,Yes,21950,4787,7155,0.4713,0.7816,7.352
Western Colorado University,Public,No,No,24194,10322,6627,0.3267,0.5622,7.266
University of Bridgeport,Private,No,Yes,53853,9601,7935,0.6168,0.7636,7.403
Central Connecticut State University,Public,No,No,22518,13840,9860,0.3915,0.5725,7.889
Connecticut College,Private,No,No,74590,18436,9776,0.1516,0.3543,8.496
University of Connecticut,Public,No,No,33896,21257,13183,0.2078,0.4153,8.627
Fairfield University,Private,No,No,67080,13989,11497,0.081,0.5712,8.531
University of Hartford,Private,No,No,57475,13844,7664,0.3483,0.7496,8.262
University of New Haven,Private,No,No,58438,10807,10225,0.2986,0.9506,7.844
University of Saint Joseph,Private,No,No,50959,14070,8586,0.3762,0.8416,7.541
Yale University,Private,No,No,76645,59736,19490,0.1981,0.0568,10.482
Delaware State University,Public,Yes,No,23888,9871,8379,0.5474,0.7218,7.348
University of Delaware,Public,No,No,28708,22057,13194,0.1882,0.5265,9.166
Wesley College,Private,No,No,40704,10156,7072,0.5844,0.9794,6.538
American University,Private,No,No,66416,16605,12033,0.1529,0.4039,8.848
Gallaudet University,Private,No,No,38892,37544,10092,0.5027,0.3279,8.269
George Washington University,Private,No,No,74023,23476,14724,0.1441,0.3423,9.25
Georgetown University,Private,No,No,76280,31957,15393,0.1305,0.2622,9.261
Howard University,Private,Yes,No,45971,21849,9638,0.4818,0.688,8.841
The Baptist College of Florida,Private,No,No,19926,8070,4865,0.4091,0.3182,6.895
Bethune-Cookman University,Private,Yes,No,30219,8904,6770,0.8122,0.8301,7.461
Johnson University Florida,Private,No,Yes,27611,9525,5505,0.6429,0.625,6.241
University of Central Florida,Public,No,Yes,21309,7551,10848,0.289,0.2342,8.212
Edward Waters University,Private,Yes,No,26503,3894,4975,0.9136,0.7636,6.225
Embry-Riddle Aeronautical University-Daytona Beach,Private,No,No,54724,14260,9778,0.228,0.5074,8.046
Florida Agricultural and Mechanical University,Public,Yes,No,23312,8919,8264,0.6487,0.6646,7.943
Florida Atlantic University,Public,No,Yes,21761,8341,9971,0.3823,0.3321,8.47
Flagler College,Private,No,No,35809,7471,7557,0.2969,0.6,7.845
AdventHealth University,Private,No,Yes,33648,10725,7949,0.42,0.42,6.936
Florida Institute of Technology,Private,No,No,59433,12808,9639,0.2617,0.4797,7.953
Florida International University,Public,No,Yes,19384,6435,10886,0.4973,0.8479,8.335
Florida Southern College,Private,No,No,52794,9228,8407,0.257,0.6652,7.977
Florida State University,Public,No,No,22278,11221,11160,0.2504,0.2435,8.848
University of Florida,Public,No,No,21151,16571,11900,0.2119,0.1346,9.26
University of Miami,Private,No,No,69563,34929,12854,0.1445,0.2601,8.999
University of North Florida,Public,No,No,19469,6321,8226,0.3352,0.3259,8.066
Nova Southeastern University,Private,No,Yes,50429,17707,10292,0.4079,0.4371,8.232
Palm Beach Atlantic University,Private,No,No,49839,10612,8110,0.3596,0.5327,7.934
University of South Florida,Public,No,No,21134,10084,10465,0.3073,0.2513,8.711
St. Thomas University,Private,No,Yes,46539,6657,9025,0.6724,0.6681,7.488
Southeastern University,Private,No,No,39276,3926,7315,0.4592,0.6199,6.959
The University of Tampa,Private,No,No,46341,7101,9410,0.159,0.786,7.628
Trinity Baptist College,Private,No,No,22571,2211,3980,0.4658,0.9726,4.903
Trinity College of Florida,Private,No,No,25963,5254,3680,0.697,0.8182,5.892
Webber International University,Private,No,No,42702,3169,4868,0.6411,0.7416,6.758
The University of West Florida,Public,No,No,17716,6427,9046,0.3161,0.2514,7.783
Point University,Private,No,No,34160,4732,5692,0.6514,0.7294,6.658
Clark Atlanta University,Private,Yes,No,39194,7106,8010,0.7245,0.8856,7.86
Brenau University,Private,No,No,44094,9264,7357,0.5699,0.6321,7.694
College of Coastal Georgia,Public,No,No,18200,6904,6998,0.4833,0.4411,6.924
Columbus State University,Public,No,No,19807,8459,7600,0.5219,0.5719,7.863
Covenant College,Private,No,No,49420,9549,7820,0.2329,0.4795,7.63
Emmanuel College,Private,No,No,31589,4510,5083,0.4512,0.6179,6.199
Emory University,Private,No,No,72604,45722,14515,0.2125,0.2365,9.936
Georgia Institute of Technology-Main Campus,Public,No,No,29291,12188,13626,0.1107,0.2093,9.348
Georgia Southwestern State University,Public,No,No,19125,7066,7002,0.5262,0.5759,7.592
Georgia College & State University,Public,No,No,28707,6816,7952,0.1821,0.3886,7.658
Georgia Southern University,Public,No,No,22608,6628,8027,0.3789,0.5272,7.886
Georgia State University,Public,No,No,27206,5838,9420,0.5069,0.4591,8.26
University of Georgia,Public,No,No,27329,9982,11603,0.1697,0.2695,9.128
LaGrange College,Private,No,No,46034,12393,6724,0.432,0.764,7.724
Mercer University,Private,No,No,52940,12778,8739,0.2889,0.5033,8.576
Oglethorpe University,Private,No,No,55451,5993,6971,0.365,0.5625,7.535
Paine College,Private,Yes,No,26534,7713,3008,0.875,0.9375,7.084
Piedmont University,Private,No,No,40949,8877,7134,0.3956,0.7253,7.731
Reinhardt University,Private,No,No,39983,7435,6074,0.3423,0.619,7.576
Savannah State University,Public,Yes,No,16819,6167,7143,0.712,0.8368,6.957
Shorter University,Private,No,No,34403,5329,5122,0.4784,0.6914,7.146
Spelman College,Private,Yes,No,54163,15268,8575,0.4438,0.8702,8.592
Thomas University,Private,No,No,27354,8621,5198,0.236,0.8315,6.754
Truett McConnell University,Private,No,No,33299,4062,4388,0.3131,0.6308,6.809
Valdosta State University,Public,No,No,20998,5315,7290,0.565,0.5763,7.709
Wesleyan College,Private,No,No,34952,11500,6141,0.6316,0.6541,7.752
University of West Georgia,Public,No,No,23684,7933,7368,0.5104,0.5976,7.537
Young Harris College,Private,No,No,44203,8125,5558,0.366,0.6453,8.038
Chaminade University of Honolulu,Private,No,No,38649,9729,8211,0.5714,0.3626,7.369
University of Hawaii at Hilo,Public,No,No,20440,16525,10646,0.4406,0.3858,5.431
University of Hawaii at Manoa,Public,No,No,23405,25120,12581,0.2598,0.3398,7.639
Hawaii Pacific University,Private,No,No,47698,6030,8525,0.4114,0.5844,7.622
University of Hawaii-West Oahu,Public,No,No,19914,13343,10041,0.4145,0.2642,5.342
Boise Bible College,Private,No,No,24258,14549,4575,0.6667,0.4,6.009
Boise State University,Public,No,No,21621,8023,8321,0.2385,0.4119,8.072
University of Idaho,Public,No,No,21525,12959,9583,0.3482,0.4595,8.465
The College of Idaho,Private,No,No,45607,8053,7156,0.275,0.6,8.021
Lewis-Clark State College,Public,No,No,16922,7971,6523,0.4898,0.5328,6.934
Northwest Nazarene University,Private,No,No,42068,5686,6482,0.3584,0.6559,7.637
School of the Art Institute of Chicago,Private,No,No,68575,17599,10883,0.1583,0.3586,8.381
Aurora University,Private,No,Yes,35658,5143,8414,0.4723,0.6239,7.624
Blackburn College,Private,No,No,32584,8000,6482,0.6667,0.8198,7.412
Bradley University,Private,No,No,48295,14703,9134,0.3244,0.6832,8.456
Chicago State University,Public,No,No,21867,20865,8118,0.7403,0.7845,6.783
University of Chicago,Private,No,No,81531,86008,18432,0.1328,0.0643,9.86
Concordia University-Chicago,Private,No,Yes,42750,6732,4446,0.46,0.7429,7.393
Eastern Illinois University,Public,No,No,24125,10306,8611,0.5706,0.6911,7.765
Elmhurst University,Private,No,Yes,48429,7934,8274,0.453,0.6641,8.051
Eureka College,Private,No,No,37986,6883,5619,0.4815,0.7315,7.497
Governors State University,Public,No,No,21549,12938,7570,0.7029,0.6234,6.369
Greenville University,Private,No,No,40959,8698,5722,0.385,0.6903,7.326
University of Illinois Chicago,Public,No,Yes,25831,27494,12448,0.5727,0.2851,8.566
Benedictine University,Private,No,No,46006,7635,8636,0.4448,0.5756,7.551
University of Illinois Urbana-Champaign,Public,No,No,30302,15154,12731,0.2821,0.3581,9.249
Illinois Wesleyan University,Private,No,No,63174,20211,8449,0.2078,0.6773,8.33
Illinois Institute of Technology,Private,No,No,64710,12908,12752,0.2899,0.4837,8.381
Illinois State University,Public,No,No,31124,7980,8582,0.3317,0.5862,8.159
Judson University,Private,No,Yes,40737,7296,6081,0.5056,0.6722,6.837
Knox College,Private,No,No,60393,14104,7078,0.3094,0.575,8.231
Lewis University,Private,No,No,43255,10696,9310,0.3668,0.5862,7.902
Loyola University Chicago,Private,No,No,60717,12264,10863,0.2137,0.6038,8.839
McKendree University,Private,No,No,44383,6597,6777,0.3705,0.6054,7.512
Methodist College,Private,No,No,30504,10434,7105,0.3,0.8,6.36
Millikin University,Private,No,No,49304,10507,6448,0.3745,0.6934,8.029
Monmouth College,Private,No,No,51176,14804,6784,0.3569,0.6706,8.089
North Central College,Private,No,No,52405,10163,8780,0.2298,0.6768,8.076
North Park University,Private,No,Yes,39373,9108,7728,0.5013,0.6469,7.901
Northwestern University,Private,No,No,78654,39868,17513,0.2039,0.2268,9.916
Northeastern Illinois University,Public,No,Yes,24295,16855,8512,0.7431,0.25,7.094
Olivet Nazarene University,Private,No,No,48119,7453,7161,0.4152,0.7787,7.626
Quincy University,Private,No,No,41831,6229,5524,0.4233,0.6977,7.126
Rockford University,Private,No,No,43866,7022,6005,0.5,0.6118,7.398
Roosevelt University,Private,No,Yes,44322,10227,8277,0.6096,0.7051,8.094
Dominican University,Private,No,Yes,43228,11969,7244,0.4916,0.6754,7.581
University of St Francis,Private,No,No,42819,5871,7884,0.4085,0.6128,7.339
Saint Xavier University,Private,No,Yes,41360,6952,7620,0.6377,0.8638,7.231
University of Illinois Springfield,Public,No,No,24309,11609,8241,0.4905,0.5149,7.27
Southern Illinois University-Carbondale,Public,No,No,29023,18453,7698,0.3268,0.5289,8.187
Southern Illinois University-Edwardsville,Public,No,No,24244,13961,8726,0.3368,0.5058,7.424
Trinity Christian College,Private,No,No,42996,9455,7112,0.2803,0.5732,7.097
Trinity International University-Illinois,Private,No,No,47226,13171,6007,0.3922,0.902,7.628
VanderCook College of Music,Private,No,No,37584,5646,5962,0.375,0.5,5.708
Western Illinois University,Public,No,No,26287,13424,9068,0.5011,0.6357,7.783
Wheaton College,Private,No,No,50923,15763,9491,0.2199,0.5472,8.702
Anderson University,Private,No,No,44342,10410,6367,0.4303,0.7554,7.509
Butler University,Private,No,No,61623,12818,9296,0.129,0.4588,8.343
DePauw University,Private,No,No,66946,21772,9200,0.1891,0.3333,8.864
Earlham College,Private,No,No,61156,26519,6883,0.3314,0.4767,8.622
Franklin College,Private,No,No,46533,10214,6595,0.4556,0.763,7.941
Goshen College,Private,No,Yes,44994,10020,5869,0.4375,0.6563,8.056
Grace College and Theological Seminary,Private,No,No,36725,7651,7127,0.3416,0.595,7.274
Hanover College,Private,No,No,52998,13556,7895,0.346,0.6055,8.165
Holy Cross College,Private,No,No,44469,6253,5768,0.2406,0.4599,6.787
Huntington University,Private,No,No,38461,10490,6785,0.386,0.6884,7.458
Purdue University Fort Wayne,Public,No,No,19224,8685,7135,0.42,0.4388,7.78
Indiana University-Purdue University-Indianapolis,Public,No,No,21127,18926,8586,0.4167,0.41,9.078
University of Indianapolis,Private,No,No,44681,9676,7550,0.4732,0.6839,8.039
University of Southern Indiana,Public,No,No,20146,7470,7349,0.3685,0.5214,8.087
Indiana University-South Bend,Public,No,No,16667,9008,6545,0.4818,0.3777,7.357
Indiana University-Bloomington,Public,No,No,25587,16549,10738,0.1854,0.3364,9.087
Indiana University-Northwest,Public,No,Yes,13054,9156,7171,0.5126,0.336,7.082
Indiana University-Southeast,Public,No,No,17421,8478,7191,0.4415,0.3984,7.279
Indiana University-East,Public,No,No,16144,6755,6863,0.53,0.3741,6.814
Indiana Wesleyan University-Marion,Private,No,No,39347,10813,7494,0.3373,0.6418,8.311
University of Notre Dame,Private,No,No,74172,30820,14612,0.1126,0.2672,10.063
Oakland City University,Private,No,No,37683,5034,5797,0.5357,0.4911,6.742
Rose-Hulman Institute of Technology,Private,No,No,70401,20963,10977,0.1431,0.496,8.339
University of Saint Francis-Fort Wayne,Private,No,No,40759,9351,7124,0.4832,0.6667,7.494
Saint Mary-of-the-Woods College,Private,No,No,42591,8911,5008,0.5524,0.7622,7.111
Saint Mary's College,Private,No,No,58956,14633,7619,0.2887,0.6299,8.303
Trine University,Private,No,No,47142,8066,7583,0.2977,0.6926,7.542
Valparaiso University,Private,No,No,53847,10959,7602,0.2755,0.6099,8.413
Wabash College,Private,No,No,58770,17625,8967,0.2445,0.6288,8.537
Central College,Private,No,No,53402,13930,7452,0.2938,0.7626,7.902
Clarke University,Private,No,No,48724,10053,6230,0.4094,0.8031,7.424
Cornell College,Private,No,No,58201,13424,7532,0.2111,0.6333,7.882
Dordt University,Private,No,No,46028,10267,6438,0.2429,0.5917,7.682
Drake University,Private,No,No,57643,12592,8943,0.2195,0.5225,8.354
University of Dubuque,Private,No,No,47188,8784,6903,0.487,0.7109,8.186
Faith Baptist Bible College and Theological Seminary,Private,No,No,28069,6135,5221,0.5488,0.4146,6.651
Graceland University-Lamoni,Private,No,No,43960,9067,6343,0.4611,0.8394,7.71
Grand View University,Private,No,No,39864,6815,6744,0.4121,0.7606,7.41
Grinnell College,Private,No,No,70346,29667,11346,0.1808,0.3682,9.316
Iowa State University,Public,No,No,21740,10386,11366,0.198,0.4967,9.024
Iowa Wesleyan University,Private,No,No,45994,6529,5724,0.6623,0.8212,7.241
University of Iowa,Public,No,No,24806,14478,11790,0.1886,0.4599,9.198
Luther College,Private,No,No,57885,13252,7669,0.2448,0.6452,8.213
University of Northern Iowa,Public,No,No,21047,10377,8407,0.2292,0.5258,8.11
Northwestern College,Private,No,No,45760,8668,6773,0.2901,0.6416,7.753
Saint Ambrose University,Private,No,No,46894,10131,7481,0.2274,0.7179,8.234
Simpson College,Private,No,No,53845,10093,6636,0.476,0.7534,7.923
Upper Iowa University,Private,No,No,45237,4408,5874,0.3725,0.8284,7.275
Wartburg College,Private,No,No,55508,9075,6863,0.2374,0.6717,7.883
Baker University,Private,No,No,44473,7084,6193,0.2951,0.5656,7.64
Benedictine College,Private,No,No,46309,7442,6707,0.2118,0.5324,7.453
Bethel College-North Newton,Private,No,No,43795,8256,5634,0.4323,0.7355,7.277
Friends University,Private,No,No,39879,5273,6591,0.4261,0.5966,7.727
University of Kansas,Public,No,No,26204,19922,10346,0.1986,0.4207,9.265
Ottawa University-Ottawa,Private,No,No,47369,2616,6325,0.4341,0.9725,6.537
University of Saint Mary,Private,No,No,42175,8253,6337,0.3826,0.9799,7.204
Southwestern College,Private,No,No,46869,7411,6171,0.5438,0.775,7.444
Sterling College,Private,No,No,40406,5330,4564,0.4604,0.7626,7.238
Tabor College,Private,No,No,44240,6224,5117,0.5625,0.7266,7.04
Wichita State University,Public,No,No,20418,8293,8153,0.3525,0.5107,8.441
Alice Lloyd College,Private,No,No,25490,5053,4979,0.608,0.5327,7.654
Asbury University,Private,No,No,42462,9616,6622,0.3448,0.7034,7.74
Bellarmine University,Private,No,No,56319,9382,7968,0.2419,0.6071,7.822
Berea College,Private,No,No,54866,16925,8209,0.8959,0.0969,9.086
Brescia University,Private,No,No,36939,6604,5681,0.34,0.4933,7.11
Centre College,Private,No,No,56645,19085,8297,0.231,0.5127,8.519
University of the Cumberlands,Private,No,No,23624,2144,5651,0.545,0.6177,7.908
Eastern Kentucky University,Public,No,No,23384,8131,7146,0.4715,0.5781,7.837
Kentucky State University,Public,Yes,No,16885,6287,6736,0.734,0.7506,7.268
Kentucky Wesleyan College,Private,No,No,40177,4854,5455,0.4426,0.7377,7.55
University of Kentucky,Public,No,No,30178,13044,10906,0.2305,0.4525,9.142
Kentucky Christian University,Private,No,No,34496,5775,4775,0.4233,0.6884,6.811
University of Louisville,Public,No,No,28247,16532,8093,0.3504,0.4319,8.857
Midway University,Private,No,No,41077,5429,6894,0.4633,0.7569,7.469
Murray State University,Public,No,No,21349,9010,6535,0.3829,0.4904,7.954
Northern Kentucky University,Public,No,No,17869,8497,7787,0.3531,0.5322,8.026
Spalding University,Private,No,No,38163,10118,7382,0.5368,0.6691,7.317
Transylvania University,Private,No,No,53097,11025,7628,0.2948,0.6418,8.282
Western Kentucky University,Public,No,No,21084,9366,7804,0.384,0.5243,7.193
Centenary College of Louisiana,Private,No,No,55300,11406,7092,0.4302,0.7326,8.124
Dillard University,Private,Yes,No,33421,7446,6619,0.7444,0.8211,7.974
Grambling State University,Public,Yes,No,24332,4387,5993,0.8308,0.902,6.86
Louisiana State University-Alexandria,Public,No,No,14207,4913,6012,0.5214,0.4095,7.28
Louisiana State University and Agricultural & Mechanical College,Public,No,No,32724,9626,10089,0.2888,0.3353,8.751
Louisiana State University-Shreveport,Public,No,No,19065,6067,8091,0.4804,0.2417,7.375
Louisiana College,Private,No,No,27669,8420,5746,0.564,0.744,7.588
Louisiana Tech University,Public,No,No,21927,6445,7908,0.3004,0.4247,7.879
Loyola University New Orleans,Private,No,No,54417,11134,8463,0.4111,0.6433,8.342
McNeese State University,Public,No,No,19489,4616,6909,0.3677,0.4542,7.333
University of New Orleans,Public,No,No,20864,6284,8204,0.5572,0.4179,7.348
Nicholls State University,Public,No,No,21275,5545,6437,0.4199,0.4814,6.939
University of Louisiana at Monroe,Public,No,No,20851,6831,7378,0.4568,0.463,7.514
Northwestern State University of Louisiana,Public,No,No,22940,5018,6485,0.5806,0.5777,7.21
Southern University and A & M College,Public,Yes,No,23592,5100,7042,0.8023,0.8751,6.981
University of Louisiana at Lafayette,Public,No,No,22948,8196,8214,0.4007,0.4909,8.123
Tulane University of Louisiana,Private,No,No,75628,28832,12085,0.0769,0.2592,9.153
Xavier University of Louisiana,Private,Yes,No,36391,9536,9272,0.5664,0.7089,8.233
Colby College,Private,No,No,73600,22874,11579,0.1799,0.118,8.939
Maine Maritime Academy,Public,No,No,28208,10196,12443,0.3321,0.9313,7.531
Saint Joseph's College of Maine,Private,No,No,52614,7889,6365,0.3066,0.8962,7.15
University of Southern Maine,Public,No,No,19582,8621,9290,0.4333,0.5874,7.586
University of Baltimore,Public,No,No,24521,13451,11251,0.425,0.275,7.708
Bowie State University,Public,Yes,No,22891,8096,8851,0.5768,0.6554,7.06
Coppin State University,Public,Yes,No,17787,11715,8241,0.722,0.6612,7.077
Frostburg State University,Public,No,No,24650,8677,7415,0.4438,0.5751,7.457
Johns Hopkins University,Private,No,No,74001,84825,15417,0.1959,0.1464,9.798
University of Maryland-Baltimore County,Public,No,No,25997,11716,10585,0.2346,0.3174,8.009
University of Maryland-College Park,Public,No,No,27343,15200,13763,0.148,0.2533,8.84
University of Maryland Eastern Shore,Public,Yes,No,24348,16128,8706,0.5846,0.6476,7.473
Morgan State University,Public,Yes,No,23254,9565,9665,0.5582,0.7861,7.608
Mount St. Mary's University,Private,No,No,57867,8993,7835,0.2495,0.6257,7.735
St. Mary's College of Maryland,Public,No,No,30610,15160,7922,0.2219,0.7531,7.57
Towson University,Public,No,No,25697,7098,7864,0.2904,0.5084,7.944
American International College,Private,No,No,51505,6709,7477,0.5238,0.8386,7.315
Amherst College,Private,No,No,76750,32264,12844,0.2383,0.1043,9.393
Babson College,Private,No,No,72378,15720,17640,0.1383,0.3333,8.662
Bay Path University,Private,No,No,48102,7515,7230,0.688,0.92,7.729
Becker College,Private,No,No,55633,6911,7073,0.4363,0.7606,6.709
Bentley University,Private,No,No,71094,15484,14793,0.1516,0.4443,8.442
Boston College,Private,No,No,75872,23094,15608,0.1354,0.3709,9.393
Boston University,Private,No,No,74911,32434,14614,0.1673,0.2475,9.36
Brandeis University,Private,No,No,76044,18616,13299,0.1367,0.2862,9.031
Bridgewater State University,Public,No,No,23845,9164,9852,0.4044,0.8724,7.737
Clark University,Private,No,No,58153,13305,11307,0.2316,0.6256,8.621
Curry College,Private,No,No,57260,13279,10294,0.3617,0.7948,7.994
Eastern Nazarene College,Private,No,No,41194,6819,5804,0.4692,0.8462,7.291
Emerson College,Private,No,No,72119,11139,10172,0.1401,0.4798,8.257
Emmanuel College,Private,No,No,58787,9000,8327,0.2423,0.7199,8.181
Framingham State University,Public,No,No,25810,7207,9408,0.4663,0.7578,7.659
Gordon College,Private,No,No,51869,10222,7272,0.2254,0.6761,7.869
Harvard University,Private,No,No,75914,45396,21143,0.1713,0.0261,10.612
College of the Holy Cross,Private,No,No,71448,21773,11598,0.1918,0.4934,8.895
Lasell University,Private,No,No,54730,8377,8324,0.362,0.7417,7.636
University of Massachusetts-Lowell,Public,No,No,29174,12485,12226,0.3295,0.6671,7.999
University of Massachusetts-Amherst,Public,No,No,31749,18111,12707,0.2118,0.5235,8.559
MCPHS University,Private,No,No,54955,11120,10249,0.3786,0.6908,9.054
Massachusetts Institute of Technology,Private,No,No,73160,81726,19640,0.1969,0.0735,10.242
Massachusetts Maritime Academy,Public,No,No,28602,10074,8632,0.1832,0.9109,7.427
Mount Holyoke College,Private,No,No,69578,25056,10865,0.1734,0.4234,8.9
Massachusetts College of Liberal Arts,Public,No,No,24458,13238,9026,0.5088,0.9684,7.132
Northeastern University,Private,No,No,73196,19043,13374,0.1245,0.3492,8.992
College of Our Lady of the Elms,Private,No,No,50266,7796,7202,0.3876,0.8371,7.076
Simmons University,Private,No,No,60221,17373,8055,0.2079,0.6859,8.292
Springfield College,Private,No,No,55078,11945,7916,0.2332,0.7567,7.903
University of Massachusetts-Dartmouth,Public,No,No,28948,14257,10774,0.5038,0.7791,7.765
Suffolk University,Private,No,No,57850,11020,11885,0.2782,0.6134,8.409
Tufts University,Private,No,No,76151,24748,12616,0.0986,0.2145,9.271
Wellesley College,Private,No,No,75198,32655,12485,0.2304,0.232,9.337
Wentworth Institute of Technology,Private,No,No,52232,10282,9258,0.2942,0.7058,8.065
Westfield State University,Public,No,No,24844,9728,10001,0.3349,0.7295,6.863
Wheaton College (Massachusetts),Private,No,No,70453,16333,9344,0.2151,0.745,8.328
Worcester State University,Public,No,No,21870,8553,9193,0.3599,0.6344,7.254
Adrian College,Private,No,No,54621,8946,6312,0.3796,0.7926,7.531
Albion College,Private,No,No,62041,13378,7257,0.4361,0.6602,8.231
Andrews University,Private,No,No,40948,12291,5178,0.2366,0.4731,7.745
Aquinas College,Private,No,No,43921,8423,6310,0.2918,0.5409,7.583
Calvin University,Private,No,No,50191,11477,8713,0.1877,0.4422,8.247
Central Michigan University,Public,No,No,25078,9254,9955,0.3502,0.7673,8.277
University of Detroit Mercy,Private,No,No,38440,13556,9650,0.3502,0.6265,7.841
Eastern Michigan University,Public,No,No,24994,7622,9791,0.4588,0.5789,7.894
Ferris State University,Public,No,No,23106,9934,9582,0.4602,0.6563,7.945
Kettering University,Private,No,No,58080,10258,8908,0.2023,0.5462,7.956
Cornerstone University,Private,No,No,35814,5996,6278,0.3144,0.8896,7.018
Hope College,Private,No,No,48607,12657,8336,0.1986,0.5434,8.366
Lake Superior State University,Public,No,No,23239,8855,6762,0.4127,0.5968,7.463
Madonna University,Private,No,No,35736,9955,7020,0.3811,0.7019,7.622
Rochester University,Private,No,No,33013,6710,6275,0.4706,0.7132,6.594
University of Michigan-Ann Arbor,Public,No,No,30926,25086,11865,0.1981,0.2799,10.089
Michigan State University,Public,No,No,28626,17219,11714,0.2193,0.3916,9.538
Michigan Technological University,Public,No,No,29765,11756,10694,0.2109,0.525,8.056
University of Michigan-Dearborn,Public,No,No,21509,10946,10606,0.363,0.3425,7.761
University of Michigan-Flint,Public,No,No,21376,10397,9389,0.4479,0.5243,8.069
Northwood University,Private,No,No,41997,6405,7169,0.2286,0.9036,7.991
Oakland University,Public,No,No,23778,8620,9609,0.3327,0.4683,8.027
Kuyper College,Private,No,No,33168,18598,5734,0.6364,0.8182,6.561
Saginaw Valley State University,Public,No,No,22353,7700,8429,0.3848,0.607,7.942
Spring Arbor University,Private,No,No,41548,5974,5819,0.2857,0.6636,7.242
Wayne State University,Public,No,No,24541,12491,11123,0.4699,0.4654,8.606
Western Michigan University,Public,No,No,26567,12438,9914,0.2624,0.5555,8.61
Augsburg University,Private,No,No,54069,11258,8329,0.617,0.8782,7.706
Bethel University,Private,No,No,52723,9611,7796,0.2328,0.631,7.697
Carleton College,Private,No,No,74275,33282,12689,0.1448,0.3714,8.951
Concordia College at Moorhead,Private,No,No,53819,6671,7408,0.2166,0.675,8.153
Martin Luther College,Private,No,No,27230,8894,4626,0.2738,0.5655,7.178
Hamline University,Private,No,No,51984,7502,8014,0.4753,0.6947,8.002
Macalester College,Private,No,No,71053,22586,10960,0.1833,0.4183,8.875
University of Minnesota-Twin Cities,Public,No,No,27654,16272,12182,0.1796,0.3989,9.57
University of Minnesota-Duluth,Public,No,No,25326,7827,8622,0.2119,0.618,8.278
University of Minnesota-Morris,Public,No,No,24636,12215,7536,0.3931,0.5031,7.225
Minnesota State University Moorhead,Public,No,No,22525,8407,9373,0.3184,0.6727,7.465
North Central University,Private,No,No,37644,5799,7090,0.4408,0.7429,6.521
Oak Hills Christian College,Private,No,No,30607,7043,4010,0.6429,0.6429,5.875
College of Saint Benedict,Private,No,No,60788,12460,8573,0.2397,0.6644,7.922
Saint Cloud State University,Public,No,No,19635,9135,9961,0.3525,0.5592,7.496
Saint Johns University,Private,No,No,59972,13950,8683,0.2126,0.6401,8.32
St Olaf College,Private,No,No,62880,18147,8799,0.2022,0.4777,8.733
Crown College,Private,No,No,41227,3032,5279,0.4087,0.7652,6.959
University of St Thomas,Private,No,No,57785,13684,10908,0.2258,0.4817,8.733
St Catherine University,Private,No,No,50794,11386,7496,0.4697,0.697,7.97
Southwest Minnesota State University,Public,No,No,20481,6339,9563,0.4089,0.6426,7.137
Winona State University,Public,No,No,22003,8524,9392,0.2678,0.6589,7.633
Alcorn State University,Public,Yes,No,24285,5581,6504,0.9219,0.9336,7.305
Belhaven University,Private,No,No,35975,3755,4784,0.431,0.6494,6.787
Blue Mountain College,Private,No,No,25475,7244,5486,0.3717,0.4956,7.299
Delta State University,Public,No,No,20678,7885,6576,0.4536,0.6393,7.566
Jackson State University,Public,Yes,No,24570,8056,7456,0.7675,0.7891,7.669
Millsaps College,Private,No,No,57996,12902,7864,0.4433,0.6995,7.957
University of Mississippi,Public,No,No,25562,16492,9377,0.2215,0.3781,8.867
Mississippi University for Women,Public,No,No,20684,6809,6227,0.6471,0.6588,7.742
Mississippi College,Private,No,No,34918,7914,7796,0.3145,0.4187,7.945
Mississippi State University,Public,No,No,25778,7424,8893,0.3011,0.4563,8.723
Tougaloo College,Private,Yes,No,22784,5116,4755,0.752,0.696,7.246
William Carey University,Private,No,No,23334,9564,5928,0.3786,0.2087,7.325
Central Methodist University-College of Liberal Arts and Sciences,Private,No,No,42630,11983,6504,0.4623,0.717,7.588
Culver-Stockton College,Private,No,No,40296,4651,5786,0.4173,0.8346,7.469
Drury University,Private,No,No,40913,8382,7544,0.345,0.5789,7.982
Hannibal-LaGrange University,Private,No,No,36128,5349,4989,0.3952,0.5726,6.93
Lindenwood University,Private,No,No,30609,6240,8397,0.2897,0.6551,8.226
Missouri Baptist University,Private,No,No,40548,5499,6145,0.3088,0.7018,6.619
Missouri Southern State University,Public,No,No,15867,7199,6057,0.5609,0.514,7.584
Missouri Valley College,Private,No,No,35425,4343,4593,0.4874,0.6782,6.831
University of Missouri-Columbia,Public,No,No,26902,13410,10231,0.2408,0.3988,9.022
University of Missouri-Kansas City,Public,No,No,22897,12168,9327,0.387,0.4194,8.184
Missouri University of Science and Technology,Public,No,No,23123,14754,10998,0.2088,0.4623,8.304
University of Missouri-St Louis,Public,No,No,24481,9520,9179,0.445,0.4312,7.954
Truman State University,Public,No,No,21640,10115,7293,0.2201,0.3888,7.704
Northwest Missouri State University,Public,No,No,20235,7318,7379,0.3683,0.6038,7.576
Rockhurst University,Private,No,No,53221,6573,7156,0.2665,0.5761,7.585
Saint Louis University,Private,No,No,61975,21275,10304,0.2109,0.5387,9.098
University of Health Sciences and Pharmacy in St. Louis,Private,No,No,47005,18116,9583,0.3111,0.7111,8.161
Southwest Baptist University,Private,No,No,35243,7669,5773,0.5035,0.6868,7.476
Stephens College,Private,No,No,38435,13826,6415,0.4595,0.964,7.709
Washington University in St Louis,Private,No,No,76910,139766,15456,0.1532,0.185,9.904
Webster University,Private,No,No,44260,9309,8773,0.3163,0.5765,8.111
Westminster College,Private,No,No,44500,8314,6422,0.3873,0.9155,7.716
William Jewell College,Private,No,No,49150,13054,6975,0.3274,0.9286,7.803
Carroll College,Private,No,No,50675,8576,6423,0.1994,0.5048,7.755
University of Providence,Private,No,No,40556,8764,6281,0.37,0.7,7.154
Montana Technological University,Public,No,No,21124,8939,7984,0.2491,0.4945,7.59
Montana State University,Public,No,No,22073,8354,7872,0.2011,0.3749,8.196
The University of Montana,Public,No,No,19958,10340,8282,0.3252,0.5254,8.319
Rocky Mountain College,Private,No,No,40804,10519,6482,0.3673,0.7143,7.506
The University of Montana-Western,Public,No,No,17790,7462,7091,0.4163,0.5525,6.762
Concordia University-Nebraska,Private,No,No,45672,5189,6054,0.2887,0.7251,7.733
Hastings College,Private,No,No,44893,8667,6118,0.3703,0.7373,8.006
University of Nebraska at Kearney,Public,No,No,23319,9996,7790,0.378,0.4609,7.775
Midland University,Private,No,No,45689,5827,6398,0.3249,0.7319,7.267
Nebraska Wesleyan University,Private,No,No,48718,7393,6221,0.2793,0.6324,7.767
University of Nebraska-Lincoln,Public,No,No,24400,11055,10946,0.2407,0.4225,9.117
Union College,Private,No,No,36243,11774,6011,0.4206,0.881,7.35
York College,Private,No,No,30571,6264,5457,0.4609,0.7391,7.228
University of Nevada-Las Vegas,Public,No,Yes,18756,12706,10937,0.4414,0.2585,8.467
University of Nevada-Reno,Public,No,No,23256,12652,10303,0.2861,0.3503,8.577
Sierra Nevada University,Private,No,No,50040,6866,4655,0.3393,0.4821,6.666
Dartmouth College,Private,No,No,77152,28084,15600,0.1479,0.1815,9.758
University of New Hampshire-Main Campus,Public,No,No,33940,11621,11294,0.2271,0.6579,8.604
University of New Hampshire at Manchester,Public,No,No,25244,11155,9778,0.5238,0.4762,6.281
Saint Anselm College,Private,No,No,61163,13277,8912,0.1277,0.7014,8.215
Thomas More College of Liberal Arts,Private,No,No,33111,10273,4962,0.4762,0.381,6.037
Bloomfield College,Private,No,Yes,43493,9372,9760,0.7637,0.9627,7.154
Caldwell University,Private,No,Yes,50245,8188,8250,0.5798,0.7573,6.676
Centenary University,Private,No,No,44856,8867,7276,0.385,0.69,6.97
Felician University,Private,No,Yes,49240,7477,7386,0.6929,0.6063,6.843
Georgian Court University,Private,No,No,45458,7485,8340,0.4064,0.6524,7.739
Rowan University,Public,No,No,34987,12306,9054,0.3209,0.6077,8.366
Kean University,Public,No,Yes,25863,9690,8684,0.571,0.5896,7.433
Monmouth University,Private,No,No,55898,11142,9321,0.3119,0.7243,8.038
New Jersey Institute of Technology,Public,No,No,31511,13922,12497,0.3488,0.3815,8.112
Princeton University,Private,No,No,74150,62979,20835,0.2472,0.021,10.409
Rider University,Private,No,No,61693,13475,11068,0.3664,0.7062,7.823
Rutgers University-Camden,Public,No,No,29130,14476,12115,0.5335,0.6032,7.672
Rutgers University-New Brunswick,Public,No,No,32022,16407,12327,0.2442,0.4418,9.053
Rutgers University-Newark,Public,No,Yes,27960,15332,14184,0.6173,0.407,8.186
Seton Hall University,Private,No,No,60646,12300,9912,0.2523,0.5691,8.43
Stevens Institute of Technology,Private,No,No,70591,12439,15374,0.2157,0.6677,8.351
Stockton University,Public,No,No,30721,7402,9963,0.4163,0.7094,7.489
The College of New Jersey,Public,No,No,35502,10556,10903,0.1841,0.5169,7.665
Eastern New Mexico University-Main Campus,Public,No,Yes,17897,5992,7109,0.5364,0.3309,7.138
New Mexico Institute of Mining and Technology,Public,No,Yes,22878,10615,8842,0.316,0.548,7.769
University of New Mexico-Main Campus,Public,No,Yes,19351,14196,9462,0.3924,0.5943,8.674
New Mexico State University-Main Campus,Public,No,Yes,19760,10868,8977,0.4919,0.396,7.627
Adelphi University,Private,No,No,53535,14277,12839,0.266,0.4786,8.27
Albany College of Pharmacy and Health Sciences,Private,No,No,50326,17196,9337,0.3081,0.7297,7.744
Alfred University,Private,No,No,50643,10997,6608,0.5131,0.8013,8.141
Barnard College,Private,No,No,77758,29073,14167,0.125,0.2179,8.561
Canisius College,Private,No,No,39217,9045,8410,0.3635,0.6564,8.111
Cazenovia College,Private,No,No,51761,11582,7303,0.578,0.8761,6.603
Clarkson University,Private,No,No,69456,13224,11114,0.2433,0.6958,8.305
Colgate University,Private,No,No,75000,26145,12086,0.0992,0.1934,8.977
Columbia University in the City of New York,Private,No,No,79750,102187,19660,0.1953,0.0711,10.039
Concordia College,Private,No,Yes,44662,7333,6598,0.6831,0.4481,7.124
Cooper Union for the Advancement of Science and Art,Private,No,No,61775,27505,12513,0.303,0.2172,8.933
Cornell University,Private,No,No,75204,31051,15241,0.153,0.3666,9.844
CUNY Bernard M Baruch College,Public,No,Yes,13569,10719,12178,0.6086,0.038,8.304
CUNY Brooklyn College,Public,No,No,13802,10818,11923,0.6573,0.0462,7.991
CUNY City College,Public,No,Yes,13667,20092,12493,0.6967,0.0438,8.506
CUNY Hunter College,Public,No,Yes,13219,11917,12214,0.6144,0.0471,8.133
CUNY John Jay College of Criminal Justice,Public,No,Yes,13549,12302,11422,0.6782,0.0564,7.038
CUNY Lehman College,Public,No,Yes,13704,11972,11218,0.7235,0.045,6.944
CUNY Queens College,Public,No,Yes,13768,10760,11635,0.5784,0.0726,7.86
CUNY York College,Public,No,Yes,13948,11592,11131,0.7155,0.0427,6.301
D'Youville College,Private,No,No,38790,11364,8030,0.4213,0.713,7.695
Elmira College,Private,No,No,48133,11742,5484,0.3594,0.8018,7.61
Fordham University,Private,No,No,71388,23173,14280,0.181,0.4717,8.865
Hamilton College,Private,No,No,72190,29779,11577,0.2156,0.4419,8.986
Hartwick College,Private,No,No,60479,13679,7953,0.4282,0.6037,7.885
Hobart William Smith Colleges,Private,No,No,74375,16382,8537,0.2167,0.6266,8.322
Iona College,Private,No,No,54052,9883,10022,0.3417,0.5881,8.204
Jewish Theological Seminary of America,Private,No,No,79512,18226,12200,0.0789,0.2368,8.152
Le Moyne College,Private,No,No,49194,11519,8766,0.367,0.7615,8.287
Long Island University,Private,No,No,50591,12865,12263,0.3629,0.605,8.378
Marymount Manhattan College,Private,No,No,59167,13409,8590,0.3571,0.8857,7.328
Mercy College,Private,No,Yes,29754,7301,9490,0.733,0.5155,8.408
Molloy College,Private,No,No,46531,12502,10871,0.3212,0.6287,7.61
Mount Saint Mary College,Private,No,No,47103,9034,8887,0.2708,0.747,6.778
College of Mount Saint Vincent,Private,No,Yes,51240,8362,8918,0.61,0.7732,7.426
The New School,Private,No,No,71907,15786,11989,0.1816,0.3478,8.601
New York University,Private,No,No,73759,34174,15475,0.1857,0.2649,9.625
Niagara University,Private,No,No,47384,8025,9228,0.3546,0.738,7.988
New York Institute of Technology,Private,No,No,49465,18024,12204,0.4767,0.5098,7.944
Nyack College,Private,No,Yes,38589,10107,7051,0.6735,0.7755,6.642
Pace University,Private,No,No,63709,10369,12427,0.2953,0.5629,8.286
Pratt Institute-Main,Private,No,No,69497,18234,11271,0.1637,0.382,8.312
Rensselaer Polytechnic Institute,Private,No,No,73816,18147,13112,0.164,0.4486,8.867
Roberts Wesleyan College,Private,No,No,45599,9068,6454,0.45,0.7591,7.455
Rochester Institute of Technology,Private,No,No,61063,20586,10551,0.3024,0.6469,8.981
University of Rochester,Private,No,No,75190,30380,12851,0.1847,0.3973,9.365
St Bonaventure University,Private,No,No,50646,8091,6575,0.2663,0.9512,7.855
St. Francis College,Private,No,Yes,32776,8958,8833,0.5057,0.3703,7.847
St Lawrence University,Private,No,No,73045,17759,10207,0.2182,0.5587,8.499
St. Thomas Aquinas College,Private,No,No,47572,8964,9005,0.3992,0.5556,7.72
Sarah Lawrence College,Private,No,No,74123,21734,10229,0.1131,0.4347,8.052
Skidmore College,Private,No,No,74140,22009,10120,0.176,0.3547,8.573
St. Joseph's University-New York,Private,No,No,35122,8879,9147,0.3385,0.5694,7.629
Saint John Fisher College,Private,No,No,49242,11872,8684,0.2479,0.772,7.977
St. John's University-New York,Private,No,No,55877,11914,12415,0.3573,0.4693,8.858
SUNY College of Technology at Canton,Public,No,No,23026,10082,6822,0.6142,0.766,7.153
SUNY College of Agriculture and Technology at Cobleskill,Public,No,No,25633,11623,6721,0.5567,0.6929,6.929
Farmingdale State College,Public,No,No,16856,10189,8418,0.3863,0.2729,6.455
SUNY at Albany,Public,No,No,26563,13970,9904,0.4184,0.6199,7.876
Binghamton University,Public,No,No,28010,12038,10035,0.2451,0.4801,8.069
University at Buffalo,Public,No,No,26958,15660,10664,0.3378,0.4998,8.902
Stony Brook University,Public,No,No,26270,18899,12468,0.3692,0.3832,8.425
SUNY College of Environmental Science and Forestry,Public,No,No,29680,19457,8799,0.2776,0.4958,7.59
SUNY Polytechnic Institute,Public,No,No,23194,13137,9553,0.4183,0.6213,6.787
SUNY Brockport,Public,No,No,24340,11605,7639,0.4327,0.7252,7.141
SUNY Buffalo State,Public,No,No,23111,12099,7954,0.6772,0.622,7.728
SUNY Cortland,Public,No,No,25585,10068,6876,0.2684,0.6694,7.625
SUNY at Fredonia,Public,No,No,23327,12340,7186,0.4835,0.7417,7.546
SUNY College at Geneseo,Public,No,No,26266,11171,7723,0.2708,0.6264,7.496
State University of New York at New Paltz,Public,No,No,25615,11536,7441,0.3728,0.5703,7.449
SUNY Oneonta,Public,No,No,25628,9798,6915,0.3584,0.6444,7.787
SUNY College at Oswego,Public,No,No,24970,10995,7258,0.4382,0.6502,7.608
SUNY at Purchase College,Public,No,Yes,27991,13643,7503,0.3587,0.5323,7.892
SUNY College at Old Westbury,Public,No,Yes,19786,10300,9061,0.605,0.3273,5.322
SUNY College at Plattsburgh,Public,No,No,25786,11657,7162,0.4558,0.6587,7.336
SUNY Maritime College,Public,No,No,26864,10562,7473,0.2122,0.4709,6.901
Union College,Private,No,No,69879,21862,11247,0.1582,0.5073,8.672
Vassar College,Private,No,No,75203,33308,11788,0.2017,0.3788,9.051
Webb Institute,Private,No,No,72690,22791,10349,0.0769,0.3077,7.837
Yeshiva University,Private,No,No,64050,18597,12606,0.1473,0.2473,8.702
Appalachian State University,Public,No,No,19661,7590,8290,0.2809,0.4631,8.079
Barton College,Private,No,No,46539,8042,5958,0.4577,0.7398,7.472
Belmont Abbey College,Private,No,No,31943,5688,5344,0.337,0.5897,6.984
Campbell University,Private,No,No,51131,13053,8822,0.3017,0.5326,8.183
Catawba College,Private,No,No,44235,10062,7121,0.4392,0.7507,7.833
Chowan University,Private,No,No,37161,5441,7110,0.7698,0.9153,7.418
Davidson College,Private,No,No,70744,19989,11047,0.1442,0.1461,8.945
Duke University,Private,No,No,77846,70393,16663,0.1213,0.1883,9.935
East Carolina University,Public,No,No,22301,11977,8561,0.3376,0.5746,8.328
Elizabeth City State University,Public,Yes,No,12754,9116,7714,0.727,0.6955,7.088
Elon University,Private,No,No,52587,17855,9401,0.0989,0.299,8.431
Fayetteville State University,Public,Yes,No,16623,7540,8478,0.7474,0.6399,7.386
Gardner-Webb University,Private,No,No,45333,8058,6797,0.4763,0.6384,7.848
Greensboro College,Private,No,No,30302,6877,5360,0.547,0.8232,7.406
Guilford College,Private,No,No,53479,9406,6237,0.4921,0.6342,7.893
High Point University,Private,No,No,54296,10969,7850,0.1057,0.4329,7.818
Johnson C Smith University,Private,Yes,No,33444,8618,6467,0.8179,0.8951,7.839
Lees-McRae College,Private,No,No,43437,7017,5233,0.3276,0.6782,7.487
Livingstone College,Private,Yes,No,28312,5337,5442,0.8371,0.8657,6.696
Meredith College,Private,No,No,50390,11771,7619,0.3733,0.6773,8.063
Methodist University,Private,No,No,55751,11159,7202,0.4171,0.6872,7.324
Montreat College,Private,No,No,40841,4822,5617,0.4269,0.7778,6.967
University of Mount Olive,Private,No,No,32055,3968,6679,0.5764,0.7674,7.559
North Carolina A & T State University,Public,Yes,No,18348,7631,8745,0.61,0.7885,7.904
University of North Carolina at Asheville,Public,No,No,20127,9484,8255,0.3761,0.5153,7.729
University of North Carolina at Chapel Hill,Public,No,No,24220,27996,12795,0.2093,0.2076,9.546
University of North Carolina at Charlotte,Public,No,No,23478,9256,9886,0.3086,0.5099,8.362
University of North Carolina at Greensboro,Public,No,No,19179,9534,8600,0.5457,0.6209,8.491
North Carolina Central University,Public,Yes,No,24075,10924,8423,0.7439,0.8035,7.597
University of North Carolina School of the Arts,Public,No,No,21755,22167,7626,0.2692,0.5769,7.889
North Carolina State University at Raleigh,Public,No,No,24202,15681,11096,0.1822,0.4047,9.146
North Carolina Wesleyan College,Private,No,No,44530,5106,6134,0.5821,0.7179,7.012
University of North Carolina Wilmington,Public,No,No,24837,8470,8608,0.2322,0.4725,8.021
William Peace University,Private,No,No,47624,4895,5803,0.4703,0.9676,7.701
University of North Carolina at Pembroke,Public,No,No,15952,6403,7462,0.6083,0.6727,7.396
Pfeiffer University,Private,No,No,44387,9609,6915,0.581,0.8142,7.152
Queens University of Charlotte,Private,No,No,49480,9355,7051,0.2478,0.7761,8.183
Mid-Atlantic Christian University,Private,No,No,30542,6894,4979,0.6111,0.6667,6.544
Saint Augustine's University,Private,Yes,No,32073,4547,5719,0.8192,0.9,7.313
Salem College,Private,No,No,44461,9135,5941,0.7037,0.7222,7.777
Warren Wilson College,Private,No,No,52526,11360,5663,0.4681,0.6766,7.714
Winston-Salem State University,Public,Yes,No,20382,9121,8323,0.757,0.8557,7.548
Western Carolina University,Public,No,No,18462,7402,7859,0.3709,0.5988,7.937
Dickinson State University,Public,No,No,17708,9877,6935,0.3212,0.5078,6.806
University of Jamestown,Private,No,No,34565,9633,6729,0.25,0.7109,7.585
University of Mary,Private,No,No,30194,7759,7741,0.2083,0.6667,7.749
Mayville State University,Public,No,No,18727,8618,6116,0.219,0.6571,6.906
Minot State University,Public,No,No,16896,7717,7449,0.2718,0.5179,7.498
University of North Dakota,Public,No,No,23119,16447,8968,0.1868,0.6004,8.422
North Dakota State University-Main Campus,Public,No,No,22201,10213,9348,0.1892,0.6239,5.708
Trinity Bible College and Graduate School,Private,No,No,28799,8525,3874,0.7222,0.9722,6.004
Valley City State University,Public,No,No,18712,11985,6177,0.3035,0.6915,6.969
University of Akron Main Campus,Public,No,No,24604,10436,10276,0.3544,0.5466,8.35
Ashland University,Private,No,No,33775,11148,6959,0.4079,0.6727,7.656
Baldwin Wallace University,Private,No,No,48655,13153,8205,0.3228,0.9563,8.188
Bowling Green State University-Main Campus,Public,No,No,24529,9073,9648,0.2867,0.599,8.221
Case Western Reserve University,Private,No,No,69526,32736,12102,0.1776,0.6817,9.271
Cedarville University,Private,No,No,42318,9041,7948,0.2115,0.5267,7.549
The Christ College of Nursing and Health Sciences,Private,No,No,24950,6958,6698,0.4063,0.7188,6.939
University of Cincinnati-Main Campus,Public,No,No,26892,11284,10309,0.1742,0.4964,9.161
Cleveland Institute of Art,Private,No,No,59708,12763,5966,0.471,0.7613,7.439
Cleveland State University,Public,No,No,24010,9969,9570,0.4691,0.59,7.966
University of Dayton,Private,No,No,60900,13642,9005,0.1828,0.5485,8.78
Defiance College,Private,No,No,46420,8734,5922,0.5944,0.8667,7.202
Denison University,Private,No,No,69128,20958,9402,0.1232,0.3328,8.948
The University of Findlay,Private,No,No,47032,10282,7434,0.2832,0.7726,7.626
Heidelberg University,Private,No,No,44381,9110,6548,0.3474,0.8338,7.716
Hiram College,Private,No,No,50555,8281,6306,0.5727,0.8811,7.86
John Carroll University,Private,No,No,57651,10896,8402,0.1945,0.6538,8.349
Kent State University at Kent,Public,No,No,25836,9122,9450,0.3068,0.6335,8.171
Kenyon College,Private,No,No,74550,22699,9129,0.0945,0.2546,8.625
Lake Erie College,Private,No,No,45740,6090,6444,0.4806,0.733,7.522
Lourdes University,Private,No,No,37498,7539,5004,0.4563,0.7524,6.927
Malone University,Private,No,No,44743,8435,6412,0.4059,0.7322,7.329
Marietta College,Private,No,No,49601,15569,7517,0.3477,0.5431,7.947
Mercy College of Ohio,Private,No,No,22784,8661,6993,0.3871,0.9355,7.335
Miami University-Oxford,Public,No,No,33805,11180,10541,0.1247,0.4096,8.747
University of Mount Union,Private,No,No,44497,9273,7168,0.3243,0.9117,8.166
Mount Vernon Nazarene University,Private,No,No,43341,6494,6217,0.3735,0.7377,7.355
Mount Saint Joseph University,Private,No,No,39248,9020,7211,0.3611,0.8194,7.776
Oberlin College,Private,No,No,77124,25740,9075,0.0977,0.3521,8.993
Ohio Northern University,Private,No,No,49392,12810,8884,0.227,0.6809,8.206
Ohio State University-Main Campus,Public,No,No,27202,18429,12723,0.1889,0.3496,9.719
Ohio University-Main Campus,Public,No,No,29534,11176,8779,0.2498,0.6224,8.764
Otterbein University,Private,No,No,45773,10601,8125,0.3451,0.9246,8.006
Franciscan University of Steubenville,Private,No,No,39788,7827,8229,0.25,0.6653,7.804
University of Toledo,Public,No,No,25118,12891,9315,0.3422,0.5506,8.491
Ursuline College,Private,No,No,44600,13192,6323,0.5326,0.9348,7.378
Walsh University,Private,No,No,42869,7323,6284,0.3807,0.6904,7.453
Wilberforce University,Private,Yes,No,23450,6565,4872,0.8915,0.8605,6.827
Wilmington College,Private,No,No,38642,5618,5602,0.4633,0.9501,7.583
Wright State University-Main Campus,Public,No,No,23009,11068,9408,0.4119,0.5941,8.097
Xavier University,Private,No,No,58260,11792,8731,0.1378,0.551,8.299
Youngstown State University,Public,No,No,18929,7498,8596,0.4376,0.5269,8.439
Bacone College,Private,No,No,31050,3144,4560,0.6575,0.5342,6.865
Oklahoma Wesleyan University,Private,No,No,40883,7902,5849,0.3962,0.7044,6.869
East Central University,Public,No,No,16681,8379,5870,0.5354,0.3396,7.527
Randall University,Private,No,No,27838,3385,4126,0.4561,0.4737,5.531
Northeastern State University,Public,No,No,17889,9217,7159,0.5635,0.4979,7.303
Northwestern Oklahoma State University,Public,No,No,17928,7228,6587,0.5263,0.5117,7.416
Oklahoma Christian University,Private,No,No,37015,7774,6680,0.2583,0.5703,7.569
Oklahoma State University-Main Campus,Public,No,No,23906,10837,9380,0.2666,0.4468,8.645
Oklahoma Baptist University,Private,No,No,42983,7542,7437,0.3586,0.5657,8.115
Oklahoma City University,Private,No,No,44942,14402,7346,0.2232,0.4404,8.106
University of Oklahoma-Norman Campus,Public,No,No,29577,12039,10394,0.23,0.3838,7.818
Oral Roberts University,Private,No,No,44006,6857,7607,0.4284,0.6133,7.653
University of Science and Arts of Oklahoma,Public,No,No,18540,8938,6024,0.4889,0.4722,7.415
Southeastern Oklahoma State University,Public,No,No,16367,6354,6663,0.492,0.3645,7.431
University of Tulsa,Private,No,No,58637,16539,10638,0.2857,0.4588,9.053
George Fox University,Private,No,No,51439,12633,7761,0.278,0.7352,7.396
Lewis & Clark College,Private,No,No,68735,16988,9927,0.1755,0.8185,8.374
Linfield University-McMinnville Campus,Private,No,No,58485,13721,7084,0.305,0.6906,7.931
Bushnell University,Private,No,No,43464,4829,5660,0.4513,0.6372,7.176
Oregon Institute of Technology,Public,No,No,23366,9699,8211,0.3737,0.4605,7.477
Oregon State University,Public,No,No,27595,11902,10436,0.2194,0.4155,8.828
University of Oregon,Public,No,No,27717,15822,11646,0.2422,0.3616,8.976
Pacific University,Private,No,No,62157,11905,8473,0.2813,0.9351,7.853
Portland State University,Public,No,No,20571,10503,10119,0.5362,0.3452,6.403
University of Portland,Private,No,No,64049,14060,8602,0.1299,0.4545,8.32
Southern Oregon University,Public,No,No,17755,8942,9058,0.3636,0.4756,7.486
Corban University,Private,No,No,45919,4053,6692,0.4029,0.733,5.633
Western Oregon University,Public,No,No,22810,10152,6929,0.4328,0.9028,7.247
Bryn Athyn College of the New Church,Private,No,No,36254,12004,7113,0.5823,0.6456,7.765
Allegheny College,Private,No,No,64901,13803,7954,0.3024,0.6169,8.363
DeSales University,Private,No,No,54300,9638,8139,0.2317,0.6994,7.891
Arcadia University,Private,No,No,59684,8882,8019,0.3573,0.8223,7.848
Bucknell University,Private,No,No,75400,22845,11606,0.0799,0.2718,8.938
Cabrini University,Private,No,No,46293,8054,7401,0.4918,0.8104,7.641
California University of Pennsylvania,Public,No,No,25716,9046,10343,0.4618,0.8365,7.42
Carlow University,Private,No,No,44201,11892,7144,0.4877,0.9753,7.511
Carnegie Mellon University,Private,No,No,74489,34441,12444,0.1407,0.4019,9.297
Cedar Crest College,Private,No,No,52279,11581,7902,0.4195,0.8195,7.512
Chestnut Hill College,Private,No,No,54599,8758,6407,0.5095,0.8952,6.976
Delaware Valley University,Private,No,No,56828,9303,8653,0.366,0.9576,7.539
Drexel University,Private,No,No,69397,18571,11553,0.2496,0.5729,8.91
Duquesne University,Private,No,No,56199,12648,9343,0.18,0.6146,8.689
East Stroudsburg University of Pennsylvania,Public,No,No,24870,7318,10159,0.4533,0.732,7.299
Eastern University,Private,No,No,48828,7338,6168,0.4316,0.7477,7.484
Edinboro University of Pennsylvania,Public,No,No,22036,10689,10261,0.4175,0.7418,7.508
Elizabethtown College,Private,No,No,44978,16759,9146,0.2135,0.727,7.944
Gannon University,Private,No,No,46867,9087,8111,0.331,0.7524,7.815
Gwynedd Mercy University,Private,No,No,47646,8677,6857,0.4226,0.841,7.473
Haverford College,Private,No,No,76384,27097,10369,0.146,0.1322,8.722
Holy Family University,Private,No,No,37020,8453,7308,0.4564,0.7936,7.326
Immaculata University,Private,No,No,44036,6348,4963,0.3294,0.8095,7.268
Indiana University of Pennsylvania-Main Campus,Public,No,No,28442,10777,10284,0.4525,0.7799,7.847
Keystone College,Private,No,No,39200,6511,6264,0.5882,0.8441,6.823
Kutztown University of Pennsylvania,Public,No,No,28414,9295,9755,0.3563,0.7687,7.503
La Roche University,Private,No,No,43073,7353,6746,0.3317,0.5317,6.783
Lafayette College,Private,No,No,74016,25355,11671,0.1146,0.2464,8.935
Lancaster Bible College,Private,No,No,36544,7076,6168,0.3434,0.6928,7.155
Lebanon Valley College,Private,No,No,59255,12644,7645,0.2343,0.7552,7.856
Lehigh University,Private,No,No,71310,23641,13904,0.2006,0.3841,9.15
Lincoln University,Public,Yes,No,26008,8643,8953,0.7178,0.8826,7.645
Lock Haven University,Public,No,No,25916,11249,10461,0.4305,0.8102,7.318
Lycoming College,Private,No,No,57132,13246,7743,0.4882,0.7735,8.304
Mansfield University of Pennsylvania,Public,No,No,24278,11495,10255,0.5583,0.7937,6.021
Marywood University,Private,No,No,49609,10393,7505,0.35,0.725,7.639
Messiah University,Private,No,No,49864,10695,8411,0.2475,0.7228,8.14
Millersville University of Pennsylvania,Public,No,No,27526,8568,10111,0.2989,0.729,7.642
Muhlenberg College,Private,No,No,69413,16083,9149,0.184,0.619,8.461
Neumann University,Private,No,No,50640,7350,7031,0.4591,0.8389,7.53
University of Pennsylvania,Private,No,No,78186,57279,18702,0.1487,0.1141,10.166
University of the Sciences,Private,No,No,43968,16452,8508,0.2535,0.6573,8.21
University of Pittsburgh-Bradford,Public,No,No,28132,8069,7562,0.544,0.8194,5.38
University of Pittsburgh-Greensburg,Public,No,No,27461,7209,7370,0.4185,0.7324,6.759
University of Pittsburgh-Johnstown,Public,No,No,27031,8010,7625,0.3372,0.6744,7.656
University of Pittsburgh-Pittsburgh Campus,Public,No,No,33964,19401,11097,0.1556,0.4983,9.632
Point Park University,Private,No,No,45350,9840,8745,0.4179,0.7879,7.672
Robert Morris University,Private,No,No,47724,9422,12967,0.3187,0.7921,7.564
Rosemont College,Private,No,No,35805,5245,5401,0.5978,0.8913,7.235
Saint Francis University,Private,No,No,54101,8556,7028,0.1911,0.7022,7.706
Saint Joseph's University,Private,No,No,63223,11658,10049,0.1322,0.5978,8.469
Saint Vincent College,Private,No,No,50140,10429,7723,0.324,0.7849,8.032
University of Scranton,Private,No,No,62380,13123,10390,0.1982,0.7002,8.322
Shippensburg University of Pennsylvania,Public,No,No,29182,10407,10592,0.4118,0.7941,7.624
Slippery Rock University of Pennsylvania,Public,No,No,24600,7685,9930,0.3395,0.7536,7.556
Swarthmore College,Private,No,No,73932,37819,13299,0.2014,0.1079,9.329
Thiel College,Private,No,No,48566,11445,6898,0.5061,0.834,7.526
Thomas Jefferson University,Private,No,No,60290,29590,9347,0.3387,0.6516,8.98
Ursinus College,Private,No,No,69604,14677,8997,0.1903,0.71,8.14
Villanova University,Private,No,No,73042,16113,11333,0.102,0.4241,8.871
Waynesburg University,Private,No,No,37431,9636,6859,0.3746,0.8113,7.665
West Chester University of Pennsylvania,Public,No,No,26114,7655,9931,0.2738,0.6776,7.674
Widener University,Private,No,No,62831,12205,9057,0.2517,0.8226,7.976
Wilkes University,Private,No,No,54085,10609,8953,0.3628,0.797,7.715
Wilson College,Private,No,No,37019,5269,6289,0.3838,0.7374,7.743
York College of Pennsylvania,Private,No,No,32801,9870,8892,0.2919,0.7473,8.191
Brown University,Private,No,No,77490,35486,15666,0.1337,0.1145,9.6
Bryant University,Private,No,No,62855,10275,14674,0.1183,0.5386,8.265
Providence College,Private,No,No,69407,14763,11089,0.1523,0.5312,8.37
Rhode Island College,Public,No,Yes,17761,10320,9805,0.5571,0.6551,7.551
University of Rhode Island,Public,No,No,30339,9329,9836,0.2582,0.649,8.33
Rhode Island School of Design,Private,No,No,72571,19292,10024,0.1563,0.3063,8.545
Charleston Southern University,Private,No,No,40177,7716,5986,0.372,0.6073,7.288
Southern Wesleyan University,Private,No,No,35949,5871,5126,0.4536,0.7165,6.761
College of Charleston,Public,No,No,29545,9767,8827,0.2141,0.3959,8.001
Citadel Military College of South Carolina,Public,No,No,30022,12803,8845,0.1873,0.4861,8.498
Claflin University,Private,Yes,No,33777,8503,7137,0.7625,0.8736,7.457
Clemson University,Public,No,No,32254,13258,10401,0.1353,0.3677,8.889
Coker University,Private,No,No,42395,6350,6477,0.4962,0.7331,7.468
Columbia International University,Private,No,No,36979,7340,4915,0.4318,0.6212,6.671
Columbia College,Private,No,No,33178,6820,6256,0.6747,0.8554,7.304
Converse University,Private,No,No,33858,8086,6296,0.9946,0.3763,7.916
Erskine College,Private,No,No,52411,3854,5249,0.4578,0.734,7.638
Francis Marion University,Public,No,No,21888,9257,7549,0.6261,0.6742,7.453
Furman University,Private,No,No,67299,21032,9396,0.0941,0.2593,8.842
Lander University,Public,No,No,24474,6085,6503,0.4475,0.6882,7.211
Limestone University,Private,No,No,42137,6342,5220,0.5446,0.7723,7.394
Newberry College,Private,No,No,42320,6924,6112,0.5734,0.8023,7.255
North Greenville University,Private,No,No,37771,5636,5876,0.3913,0.5703,7.541
Presbyterian College,Private,No,No,53720,12058,8175,0.3333,0.6316,7.962
University of South Carolina Aiken,Public,No,No,20735,8301,7162,0.455,0.536,7.437
University of South Carolina Beaufort,Public,No,No,24235,8147,7397,0.4909,0.6568,6.929
University of South Carolina-Columbia,Public,No,No,28602,12225,10933,0.1766,0.4663,8.792
Coastal Carolina University,Public,No,No,24313,9388,7796,0.3459,0.6502,7.619
South Carolina State University,Public,Yes,No,30015,9063,7233,0.8078,0.8134,7.035
University of South Carolina-Upstate,Public,No,No,23660,7539,7259,0.5653,0.6947,7.051
Winthrop University,Public,No,No,29266,8817,7743,0.4762,0.7102,7.771
Augustana University,Private,No,No,47710,12662,6711,0.2302,0.6209,7.953
Black Hills State University,Public,No,No,20937,7287,7098,0.3425,0.6342,7.104
Dakota State University,Public,No,No,22365,9003,8257,0.2978,0.6501,7.199
Dakota Wesleyan University,Private,No,No,38617,6905,6066,0.3374,0.9755,7.477
Northern State University,Public,No,No,21388,9979,7539,0.3446,0.6215,7.501
Presentation College,Private,No,No,35087,6766,5345,0.4,0.6857,7.085
South Dakota School of Mines and Technology,Public,No,No,25078,12101,9638,0.2013,0.5375,7.845
South Dakota State University,Public,No,No,22230,8959,8653,0.2251,0.633,8.164
University of South Dakota,Public,No,No,23016,10517,8001,0.2877,0.628,8.364
Austin Peay State University,Public,No,No,23931,8197,8077,0.5765,0.4974,7.521
Baptist Health Sciences University,Private,No,No,20485,9989,6897,0.5506,0.7079,7.712
Belmont University,Private,No,No,54595,10215,10641,0.1797,0.4054,8.438
Bethel University,Private,No,No,30992,9052,3405,0.6742,0.7348,7.057
Carson-Newman University,Private,No,No,40422,5294,5693,0.5108,0.5989,7.775
Lipscomb University,Private,No,No,49074,12078,7940,0.2111,0.4452,7.914
East Tennessee State University,Public,No,No,22323,13292,7539,0.4402,0.4532,8.106
Fisk University,Private,Yes,No,37482,6474,5816,0.5833,0.6605,7.407
Freed-Hardeman University,Private,No,No,35099,8031,7082,0.3242,0.5841,7.77
Johnson University,Private,No,No,27168,9074,5682,0.4414,0.5793,8.081
King University,Private,No,No,42662,5027,5234,0.4483,0.7044,7.556
Lee University,Private,No,No,31522,6941,7517,0.3088,0.8831,7.378
Lincoln Memorial University,Private,No,No,36365,9189,6997,0.2759,0.3755,7.617
The University of Tennessee Southern,Private,No,No,40576,7344,5691,0.5064,0.588,7.17
Maryville College,Private,No,No,49603,8186,6464,0.4669,0.739,7.969
University of Memphis,Public,No,No,24139,9360,8705,0.5201,0.5277,8.349
Middle Tennessee State University,Public,No,No,21241,10134,8732,0.4392,0.4501,8.024
Rhodes College,Private,No,No,64249,15801,8704,0.1779,0.3907,8.547
The University of the South,Private,No,No,62647,19034,9473,0.1507,0.6826,8.611
Southern Adventist University,Private,No,Yes,35820,10482,4903,0.305,0.5208,7.651
Tennessee Wesleyan University,Private,No,No,33219,7464,5274,0.4348,0.5556,7.105
The University of Tennessee-Chattanooga,Public,No,No,23436,8718,8700,0.3274,0.4728,8.258
The University of Tennessee-Knoxville,Public,No,No,32010,12209,11170,0.2399,0.373,8.893
Tennessee Technological University,Public,No,No,24458,8998,8334,0.3821,0.4727,7.853
Trevecca Nazarene University,Private,No,No,34473,6478,7019,0.3878,0.5026,7.508
Tusculum University,Private,No,No,39440,5016,5185,0.5729,0.5625,7.371
Union University,Private,No,No,54324,11827,7417,0.3626,0.6062,7.648
Vanderbilt University,Private,No,No,73148,31711,14538,0.1684,0.1085,9.797
Abilene Christian University,Private,No,No,51577,9721,8324,0.2569,0.5402,8.647
Angelo State University,Public,No,Yes,19810,6687,7600,0.4966,0.4715,8.268
Austin College,Private,No,No,56377,12388,7549,0.3677,0.5741,8.175
Concordia University Texas,Private,No,Yes,47251,5238,7487,0.4421,0.6695,7.393
Texas A & M University-Corpus Christi,Public,No,Yes,22459,8086,8399,0.3744,0.4455,7.285
Dallas Baptist University,Private,No,No,42855,9769,8151,0.268,0.4378,7.672
University of Dallas,Private,No,No,58050,11284,8216,0.288,0.5131,7.87
Texas A&M University-Texarkana,Public,No,No,19447,11591,8038,0.4879,0.5362,6.877
Texas A & M University-Commerce,Public,No,No,22575,7618,8029,0.5305,0.6074,7.413
Hardin-Simmons University,Private,No,No,42530,8843,7332,0.4384,0.6493,8.289
Houston Baptist University,Private,No,Yes,43638,6290,7063,0.5815,0.6017,8.024
University of Houston-Clear Lake,Public,No,Yes,25567,7656,9212,0.37,0.2564,7.47
University of Houston,Public,No,Yes,23361,8309,12444,0.4365,0.3636,8.935
Huston-Tillotson University,Private,Yes,Yes,24148,5068,5569,0.8284,0.9461,7.038
University of the Incarnate Word,Private,No,Yes,45532,10422,8479,0.4692,0.5875,8.153
Lamar University,Public,No,No,20362,5808,8283,0.507,0.4542,8.109
Texas A & M International University,Public,No,Yes,13408,5837,8710,0.7649,0.2513,7.731
LeTourneau University,Private,No,No,44629,9185,6184,0.2861,0.5811,7.343
Lubbock Christian University,Private,No,No,37198,7738,6716,0.2939,0.8889,7.325
University of Mary Hardin-Baylor,Private,No,No,42812,10026,8034,0.4423,0.6998,7.965
McMurry University,Private,No,Yes,41764,9208,6643,0.5961,0.9255,7.972
Midwestern State University,Public,No,No,19972,10085,8038,0.5204,0.518,7.406
University of North Texas,Public,No,Yes,23770,6169,10426,0.3945,0.4536,8.288
Our Lady of the Lake University,Private,No,Yes,40753,12045,7246,0.6394,0.7212,7.481
The University of Texas Rio Grande Valley,Public,No,Yes,14250,6872,7967,0.7004,0.2105,7.806
Paul Quinn College,Private,Yes,No,19189,2745,4705,0.8493,0.7877,6.486
Prairie View A & M University,Public,Yes,No,25164,7706,8108,0.6692,0.7528,7.93
Rice University,Private,No,No,67102,43201,16378,0.1623,0.0916,9.813
Sam Houston State University,Public,No,Yes,22885,6885,7918,0.4468,0.5794,8.079
Schreiner University,Private,No,Yes,41896,9171,5877,0.4045,0.7023,7.862
St. Mary's University,Private,No,Yes,42354,11546,9661,0.4816,0.6415,8.293
Southern Methodist University,Private,No,No,76346,18995,13370,0.0902,0.218,9.213
Southwestern Assemblies of God University,Private,No,No,34268,6110,6297,0.537,0.7556,6.953
Southwestern University,Private,No,No,57825,11394,8471,0.2528,0.4966,8.472
Stephen F Austin State University,Public,No,No,22178,7623,7867,0.41,0.5227,7.948
Texas State University,Public,No,Yes,23453,7757,8480,0.4094,0.5476,8.319
Southwestern Adventist University,Private,No,Yes,31865,9818,6342,0.5607,0.6916,7.173
Sul Ross State University,Public,No,Yes,20332,7958,6622,0.5387,0.5609,7.33
Tarleton State University,Public,No,No,22730,6231,7589,0.3739,0.5843,7.814
Texas A & M University-Kingsville,Public,No,Yes,22645,8777,9669,0.5676,0.5728,8.056
Texas A & M University-College Station,Public,No,Yes,29920,17485,12231,0.231,0.2935,10.101
The University of Texas at Arlington,Public,No,Yes,23902,5484,10316,0.46,0.3846,8.211
The University of Texas at Austin,Public,No,Yes,27397,19349,13745,0.2298,0.3004,9.632
The University of Texas at Dallas,Public,No,No,27120,9771,12817,0.2522,0.2507,8.747
The University of Texas at Tyler,Public,No,No,20730,9110,8469,0.32,0.2993,7.944
Texas Christian University,Private,No,No,68072,19630,12209,0.1143,0.2754,9.21
Texas Lutheran University,Private,No,Yes,42208,8586,7385,0.4415,0.6802,7.964
The University of Texas Permian Basin,Public,No,Yes,17323,10605,8346,0.4773,0.3958,7.692
The University of Texas at San Antonio,Public,No,Yes,18923,5384,9721,0.4644,0.4891,8.235
Texas Southern University,Public,Yes,No,23173,12049,7907,0.8124,0.7686,7.764
Texas Tech University,Public,No,Yes,23191,7442,9465,0.2235,0.4091,8.871
Texas Wesleyan University,Private,No,Yes,47135,11328,8097,0.503,0.561,7.775
Texas Woman's University,Public,No,Yes,19418,6595,8764,0.5286,0.5529,7.901
Trinity University,Private,No,No,60664,18512,11126,0.1207,0.3204,9.11
Wayland Baptist University,Private,No,Yes,35240,10228,5306,0.5963,0.7202,7.96
West Texas A & M University,Public,No,Yes,20456,5390,7965,0.4255,0.459,7.963
Brigham Young University,Private,No,No,18936,15959,11728,0.1357,0.1108,9.274
Brigham Young University-Hawaii,Private,No,No,19641,11971,10126,0.1453,0.1377,8.071
Southern Utah University,Public,No,No,19854,6794,7226,0.2871,0.7037,7.476
Utah State University,Public,No,No,19886,10338,9396,0.23,0.2402,8.609
University of Utah,Public,No,No,20303,16414,10820,0.1874,0.2646,9.034
Westminster College,Private,No,No,49060,11583,8085,0.2862,0.4841,7.936
Middlebury College,Private,No,No,74248,27896,12050,0.1504,0.2033,9.007
University of Vermont,Public,No,No,34707,15134,10558,0.1337,0.489,8.753
Averett University,Private,No,No,47321,10776,6022,0.5066,0.7773,7.418
Bridgewater College,Private,No,No,51725,7264,6590,0.3655,0.7269,7.98
William & Mary,Public,No,No,39595,17034,11669,0.1028,0.2148,8.998
Regent University,Private,No,No,30136,3760,8289,0.3922,0.5371,7.824
Emory & Henry College,Private,No,No,50310,13275,7110,0.537,0.7741,7.958
Eastern Mennonite University,Private,No,No,51275,11559,5909,0.4653,0.6881,7.52
Ferrum College,Private,No,No,50084,7155,5652,0.521,0.7843,7.73
George Mason University,Public,No,No,25717,13380,11579,0.2875,0.4519,7.999
Hampden-Sydney College,Private,No,No,63310,16084,8221,0.2105,0.557,8.25
Hollins University,Private,No,No,55893,16154,7213,0.3297,0.6811,8.262
James Madison University,Public,No,No,27996,9722,9246,0.1411,0.3829,8.046
Liberty University,Private,No,No,40567,3386,5841,0.3029,0.5629,9.201
Longwood University,Public,No,No,28821,8642,7333,0.294,0.5452,7.867
Mary Baldwin University,Private,No,No,43427,9533,6864,0.5761,0.797,7.505
University of Mary Washington,Public,No,No,28327,7951,8039,0.1819,0.4394,7.744
Marymount University,Private,No,Yes,47495,11310,8422,0.3555,0.5294,7.671
Norfolk State University,Public,Yes,No,26439,10450,8393,0.7602,0.7602,7.389
Old Dominion University,Public,No,No,25722,11024,8855,0.448,0.664,8.367
Randolph-Macon College,Private,No,No,56509,11009,8495,0.2181,0.6497,8.223
Randolph College,Private,No,No,58880,17635,8207,0.3776,0.6713,8.194
University of Richmond,Private,No,No,69606,22992,12012,0.1743,0.3281,9.4
Roanoke College,Private,No,No,61545,10728,7565,0.2929,0.7233,8.193
Shenandoah University,Private,No,No,47850,10562,8133,0.2346,0.6839,7.833
Southern Virginia University,Private,No,No,29875,6419,5946,0.4072,0.5961,6.149
Sweet Briar College,Private,No,No,38835,23526,7110,0.2524,0.5825,7.848
University of Virginia's College at Wise,Public,No,No,22795,11554,7840,0.5018,0.3665,8.018
Virginia Polytechnic Institute and State University,Public,No,No,27283,13052,11654,0.1373,0.3972,9.13
Virginia Commonwealth University,Public,No,No,31983,14831,10000,0.3134,0.4911,9.313
University of Virginia-Main Campus,Public,No,No,34094,19793,14952,0.1317,0.2652,9.842
Virginia Military Institute,Public,No,No,32420,16210,7054,0.1611,0.5481,8.72
Virginia State University,Public,Yes,No,23673,9929,7631,0.6704,0.9005,7.757
Virginia Union University,Private,Yes,No,32082,6952,5527,0.751,0.7759,7.524
Virginia Wesleyan University,Private,No,No,50408,10324,8715,0.4186,0.7703,7.778
Washington and Lee University,Private,No,No,73900,38911,13180,0.1104,0.1688,9.224
Central Washington University,Public,No,No,24008,10194,7710,0.3632,0.5679,7.591
Eastern Washington University,Public,No,No,20480,8314,8781,0.4213,0.495,7.523
The Evergreen State College,Public,No,No,24371,10111,7371,0.5315,0.4724,7.232
Gonzaga University,Private,No,No,61761,12197,9995,0.1203,0.4194,8.486
Northwest University,Private,No,No,45095,10050,7102,0.2947,0.6474,6.953
Saint Martin's University,Private,No,No,52603,8701,6516,0.4179,0.6328,7.419
Seattle Pacific University,Private,No,No,60834,13212,8536,0.4132,0.6136,8.082
Seattle University,Private,No,No,63439,15860,9733,0.1876,0.539,8.37
Washington State University,Public,No,No,26068,10029,10282,0.2591,0.3993,9.029
University of Washington-Seattle Campus,Public,No,No,26825,30940,13441,0.1991,0.2009,9.55
Western Washington University,Public,No,No,24465,10757,10277,0.2325,0.3949,7.959
Whitman College,Private,No,No,69532,22105,9760,0.1435,0.4682,8.752
Whitworth University,Private,No,No,60359,10337,7337,0.3671,0.5771,8.193
Alderson Broaddus University,Private,No,No,42676,7724,5914,0.6421,0.9114,7.24
Appalachian Bible College,Private,No,No,26291,3686,2888,0.6486,0.4054,6.225
Bethany College,Private,No,No,45570,8544,5967,0.5435,0.7609,7.672
Bluefield State College,Public,Yes,No,18685,6969,6380,0.6495,0.3814,6.545
University of Charleston,Private,No,No,43829,6664,6704,0.417,0.6293,7.651
Concord University,Public,No,No,16824,5760,6529,0.5383,0.5082,7.549
Fairmont State University,Public,No,No,17639,6734,6469,0.4573,0.544,7.362
Marshall University,Public,No,No,19586,10432,7926,0.4598,0.5277,8.168
Ohio Valley University,Private,No,No,30222,7257,5191,0.303,0.4091,6.661
West Virginia State University,Public,Yes,No,19144,5074,6274,0.513,0.5688,7.003
West Liberty University,Public,No,No,22361,6324,6868,0.4588,0.6169,7.181
West Virginia University Institute of Technology,Public,No,No,17464,5237,7649,0.4151,0.4088,7.119
West Virginia Wesleyan College,Private,No,No,46187,6603,5966,0.4294,0.7638,7.716
West Virginia University,Public,No,No,22680,12507,10806,0.249,0.5634,8.804
Wheeling University,Private,No,No,41651,10221,7106,0.641,0.9744,6.943
Cardinal Stritch University,Private,No,No,44172,6828,6582,0.3986,0.6812,7.096
Carroll University,Private,No,No,45227,7463,7839,0.232,0.6633,7.852
Carthage College,Private,No,No,59175,10372,8353,0.3065,0.7727,8.047
Lawrence University,Private,No,No,62166,19076,8142,0.2415,0.5276,8.553
Maranatha Baptist University,Private,No,No,27793,7141,4634,0.536,0.48,5.447
Marian University,Private,No,No,38372,6352,5787,0.4537,0.9352,6.905
Marquette University,Private,No,No,59725,13023,9967,0.2239,0.4762,8.844
Milwaukee School of Engineering,Private,No,No,53885,12019,9394,0.2427,0.7177,7.848
Mount Mary University,Private,No,Yes,44284,10271,6548,0.768,0.76,7.346
Northland College,Private,No,No,50029,9262,8336,0.4146,0.7561,6.857
Ripon College,Private,No,No,56059,13608,7469,0.4163,0.7783,7.986
Saint Norbert College,Private,No,No,51383,11129,8416,0.1877,0.6338,8.16
Viterbo University,Private,No,No,40825,7847,6741,0.3357,0.7244,7.746
Wisconsin Lutheran College,Private,No,No,43118,9173,6720,0.2817,0.8075,7.564
University of Wisconsin-Madison,Public,No,No,26393,17029,13363,0.1435,0.254,9.661
University of Wyoming,Public,No,No,20258,16913,9850,0.2106,0.3739,8.726
University of Puerto Rico-Cayey,Public,No,Yes,12618,5503,6794,0.8229,0.024,3.466
University of the Virgin Islands,Public,Yes,No,16381,8171,7079,0.6324,0.2206,7.85
Stanford University,Private,No,No,74570,114640,20971,0.1837,0.0612,10.442
Purdue University-Main Campus,Public,No,No,22645,18311,12677,0.1432,0.2801,9.405
New College of Florida,Public,No,No,20563,24235,8522,0.2789,0.3333,7.667
California State University-San Marcos,Public,No,Yes,22531,7440,10012,0.5087,0.3543,7.42
University of Washington-Bothell Campus,Public,No,No,23189,5545,11354,0.3602,0.2758,7.869
University of Washington-Tacoma Campus,Public,No,No,21705,6133,10504,0.4199,0.2712,7.869
Soka University of America,Private,No,No,50968,38263,12411,0.1667,0.4167,9.104
California State University-Monterey Bay,Public,No,Yes,23389,9150,10011,0.4662,0.4421,7.433
Florida Gulf Coast University,Public,No,No,18151,6773,8590,0.324,0.324,7.884
University of Connecticut-Waterbury Campus,Public,No,Yes,18464,4039,15777,0.5085,0.4316,6.352
University of Connecticut-Avery Point,Public,No,No,19030,13768,15777,0.3897,0.4564,6.732
University of Connecticut-Stamford,Public,No,Yes,25497,3771,15777,0.481,0.393,6.732
The King's University,Private,No,No,22284,5855,8188,0.4211,0.4737,6.387
Oregon State University-Cascades Campus,Public,No,No,25945,3967,11819,0.2473,0.3978,6.832
Franklin W Olin College of Engineering,Private,No,No,74286,32824,12021,0.2,0.3294,8.584
University of California-Merced,Public,No,Yes,35005,10840,11850,0.6497,0.485,7.139
Ave Maria University,Private,No,No,37423,8489,7746,0.2871,0.5677,6.667
The King's College,Private,No,No,58695,13740,10019,0.252,0.9431,5.69
University of Minnesota-Rochester,Public,No,No,25495,5950,6875,0.3742,0.5583,5.863
Texas A&M University-San Antonio,Public,No,Yes,21104,8229,7712,0.4217,0.3855,6.563
John Paul the Great Catholic University,Private,No,Yes,45863,15668,7400,0.3919,0.7973,4.477
University of Connecticut-Hartford Campus,Public,No,No,21187,12984,13909,0.4283,0.4058,7.13
Ottawa University-Surprise,Private,No,Yes,45139,3129,6191,0.4651,0.8023,6.639
Criswell College,Private,No,No,23142,15550,6685,0.5263,0.5263,7.37
Augusta University,Public,No,No,20115,13356,8940,0.4069,0.4462,8.457
University of North Georgia,Public,No,No,16816,5198,7039,0.3139,0.2607,7.834
Antioch College,Private,No,No,50383,20364,6501,0.8095,0.9048,7.66
University of North Texas at Dallas,Public,No,Yes,18930,8261,8371,0.6516,0.1814,5.959
Kennesaw State University,Public,No,No,25059,5279,8162,0.3367,0.4343,7.719
Milligan University,Private,No,No,46072,7922,6660,0.3053,0.5487,7.656
Husson University,Private,No,No,31303,5778,7254,0.4812,0.8447,7.302
Purdue University Northwest,Public,No,No,17408,9595,8786,0.4151,0.3902,7.477
The Pennsylvania State University,Public,No,No,33960,15753,10822,0.2273,0.5123,9.498
